202010250001,1990-01-13,juan,cortez,5147836802,juan.cortez@gmail.com,1530 Henri-Bourassa,H3M3E2,Montreal
202004280010,1994-10-06,isabelle,hannoune,4382835821,isa.hannoune@gmail.com,1530 Henri-Bourassa,H3M3E2,Montreal
412601184673,1987-03-21,darth,vader,514-345-8564,darthvador@gmail.com,1530 Henri-Bourassa,H3M3E2,Montreal
502982710168,1234-10-22,Lukey,Skywalkey,514-274-3578,lukey@gmail.com,1532 Henri-Bourara,h3M3F2,SpaceToTheMoon
195913018555,1990-11-11,monami,lepetit,413911,monamilepetit@gmail.com,399 Rue Mont Ami le Petit,M0NA1M,Montreal
498856418335,1888-10-21,hello,world,413245234,hello@gmail.com,315152 Jean Boy,H4T1B5,Montreal
482504444701,2000-12-17,Kevin,Lessard,5147901057,kevin.lessard@umontreal.ca,2900 Edouard-Montpetit Blvd,H3T1J4,Montreal
886999276090,3437-08-12,YEAAA BOUU,ds,sds,s,dsd,dsd,sd
